Distance,RussellSpeed,LeclercSpeed,SpeedDifference
0.0,279.0,289.0,-10.0
5.199376598821039,279.4846457813586,289.0,-9.515354218641392
10.398753197642078,280.95663034849883,289.38088480427314,-8.424254455774303
15.598129796463116,282.4286149156391,289.78177912330835,-7.353164207669238
20.797506395284156,283.9005994827794,290.18255614347225,-6.281956660692856
25.996882994105196,285.3725840499197,290.5831930389293,-5.210608989009643
31.196259592926232,286.84456861705996,290.98382993438645,-4.139261317326486
36.39563619174727,288.31655318420025,291.3844668298435,-3.067913645643273
41.59501279056831,289.0,291.78510372530064,-2.785103725300644
46.79438938938935,289.0,292.2005655270062,-3.2005655270061766
51.99376598821039,289.0,292.63317929639965,-3.6331792963996463
57.19314258703143,289.23998606280963,293.06579306579306,-3.8258070029834244
62.392519185852464,289.7760042688737,293.4984068351865,-3.7224025663127804
67.59189578467351,290.3120224749377,293.93102060457994,-3.61899812964225
72.79127238349454,290.84804068100175,294.36363437397335,-3.5155936929716063
77.99064898231559,291.0,294.79624814336677,-3.7962481433667676
83.19002558113662,291.0,295.0,-4.0
88.38940217995766,291.0,295.0,-4.0
93.5887787787787,291.1759049569873,295.0,-3.824095043012676
98.78815537759974,291.46562434676633,295.0,-3.534375653233667
103.98753197642078,291.75534373654534,295.0,-3.244656263454658
109.18690857524182,292.0450631263243,295.09597625497116,-3.0509131286468687
114.38628517406286,292.3347825161033,295.29358769664935,-2.958805180546051
119.5856617728839,292.62450190588225,295.4911991383275,-2.866697232445233
124.78503837170493,292.91422129566126,295.6888105800057,-2.7745892843444153
129.98441497052596,293.0,295.88642202168387,-2.8864220216838703
135.18379156934702,293.0,296.07444490880704,-3.0744449088070382
140.38316816816805,293.17948077948074,296.24950809395256,-3.0700273144718153
145.5825447669891,294.0798057316576,296.424571279098,-2.3447655474404314
150.78192136581012,294.9801306838344,296.59963446424354,-1.6195037804091612
155.98129796463118,295.88045563601116,296.774697649389,-0.8942420133778342
161.18067456345221,296.78078058818795,296.9497608345345,-0.16898024634656394
166.38005116227325,297.0,297.0,0.0
171.57942776109428,297.0,297.0,0.0
176.7788043599153,297.0,297.0,0.0
181.97818095873637,297.0,297.0,0.0
187.1775575575574,297.08209182336697,297.0,0.08209182336696585
192.37693415637844,297.34380541055594,297.0,0.3438054105559445
197.57631075519947,297.6055189977449,297.0,0.6055189977449231
202.77568735402053,297.8672325849339,297.0,0.8672325849339018
207.97506395284157,298.0,297.0,1.0
213.1744405516626,298.0,296.81602112316403,1.1839788768359654
218.37381715048363,298.0,295.861033584605,2.1389664153949752
223.57319374930466,298.0,294.9060460460461,3.0939539539539282
228.77257034812573,298.0,293.94072829626464,4.059271703735362
233.97194694694676,298.0,292.78416899351157,5.215831006488429
239.1713235457678,298.0,291.6276096907585,6.372390309241496
244.37070014458882,296.2702443056777,290.47105038800544,5.799193917672255
249.57007674340986,292.72265521839546,289.31449108525237,3.4081641331430887
254.76945334223092,289.1750661311132,285.2696992613053,3.905366869807949
259.9688299410519,285.627477043831,280.1462259704963,5.481251073334704
265.168206539873,282.07988795654876,275.0227526796872,7.0571352768615725
270.36758313869404,278.5322988692665,266.4436428972836,12.088655971982917
275.56695973751505,270.8010310035693,257.0026695994244,13.798361404144885
280.7663363363361,259.8887591295004,247.56169630156512,12.327062827935265
285.96571293515717,248.97648725543146,238.12072300370582,10.855764251725645
291.1650895339782,239.71535697911548,228.67974970584663,11.035607273268852
296.36446613279924,232.45350898076208,220.3703245917031,12.083184389058971
301.56384273162024,225.19166098240876,212.1486919573377,13.042969025071073
306.7632193304413,217.92981298405536,203.92705932297216,14.002753661083204
311.96259592926236,210.66796498570196,195.70542668860662,14.962538297095335
317.16197252808337,203.40611698734864,191.1746252346813,12.231491752667353
322.36134912690443,196.14426898899524,187.6097911014114,8.534477887583847
327.56072572572543,189.54778451921328,184.04495696814152,5.502827551071761
332.7601023245465,186.60936132364722,180.48012283487162,6.129238488775599
337.95947892336756,183.67093812808116,177.42728101664898,6.243657111432185
343.15885552218856,181.55145111778452,174.73794829312087,6.813502824663658
348.3582321210096,180.5115757980203,173.605185010592,6.906390787428279
353.5576087198306,179.2281338156339,173.06106420373865,6.1670696118952435
358.7569853186517,177.70883545883555,172.5169433968853,5.191892061950256
363.95636191747275,176.18953710203718,172.0482904391995,4.141246662837688
369.15573851629375,175.6099366986034,173.01511666625296,2.594820032350441
374.3551151151148,175.1642758472759,173.98194289330647,1.1823329539694214
379.5544917139358,175.62244576036704,174.94876912035997,0.6736766400070735
384.7538683127569,176.6082826154806,175.91559534741347,0.6926872680671181
389.95324491157794,177.59411947059414,179.51998935748912,-1.9258698868949864
395.15262151039894,180.31722168296216,183.22707758263292,-2.9098558996707595
400.35199810922,184.2561433487357,186.6646819454898,-2.408538596754113
405.55137470804107,188.1950650145092,190.10228630834672,-1.907221293837523
410.75075130686207,192.13398668028267,193.53989067120358,-1.4059039909209048
415.95012790568313,196.0729083460562,196.97749503406047,-0.9045866880042581
421.14950450450414,199.4717081613631,200.24515886618303,-0.7734507048199362
426.3488811033252,202.35313607942896,203.44087326350717,-1.0877371840782075
431.54825770214626,205.02545038061297,206.25980650627247,-1.2343561256595024
436.74763430096726,207.6372302535091,208.71979192978006,-1.0825616762709558
441.9470108997883,210.24901012640527,211.17977735328768,-0.9307672268824092
447.14638749860933,212.8607899993014,213.6397627767953,-0.778972777493891
452.3457640974304,215.3831166007635,216.38895753440983,-1.0058409336463399
457.54514069625145,217.50050978580376,219.1877696544436,-1.687259868639842
462.74451729507246,219.61790297084397,221.98658177447734,-2.3686788036333724
467.9438938938935,222.0049502192357,224.56442979322915,-2.559479573993457
473.1432704927145,224.89885185123254,227.1105359670013,-2.211684115768776
478.3426470915356,227.7927534832294,229.1275355096474,-1.3347820264179973
483.54202369035664,230.6866551152263,231.14453505229352,-0.45787993706721863
488.74140028917765,232.73143579263893,232.91347805432537,-0.18204226168643345
493.9407768879987,234.67311170091236,234.49972854210128,0.17338315881107746
499.1401534868197,236.61478760918575,236.06039003288993,0.5543975762958269
504.3395300856408,238.55646351745918,237.17454216120873,1.3819213562504444
509.53890668446184,240.4981394257326,238.28869428952754,2.209445136205062
514.7382832832828,242.39419611322933,239.40284641784632,2.9913496953830077
519.9376598821038,244.27435181134507,240.73856935166444,3.5357824596806324
525.137036480925,246.15450750946084,242.33021524926275,3.824292260198092
530.336413079746,248.0147305244914,243.921861146861,4.092869377630393
535.535789678567,248.8137240826483,245.48504761789889,3.3286764647494067
540.7351662773881,249.61271764080522,246.98848181514836,2.6242358256568536
545.9345428762091,250.4117111989621,248.4919160123978,1.9197951865643006
551.1339194750301,251.4764585048367,249.4610160011201,2.0154425037165993
556.3332960738512,253.28319168589422,250.15736108131935,3.1258306045748725
561.5326726726722,255.08992486695172,250.8537061615186,4.236218705433117
566.7320492714932,256.8966580480092,251.55005124171782,5.3466068062913905
571.9314258703143,258.7033912290667,252.71369969107022,5.989691537996492
577.1308024691353,259.8230686494574,254.73069923371628,5.092369415741132
582.3301790679564,260.80779906590084,256.74769877636237,4.060100289538468
587.5295556667774,261.7925294823442,258.7646983190084,3.0278311633358044
592.7289322655985,262.7772598987876,260.78169786165455,1.995562037133027
597.9283088644195,263.76199031523095,262.1282130389936,1.6337772762373675
603.1276854632405,265.30456504298394,263.3933536781119,1.911211364872031
608.3270620620616,267.0249470058292,264.65849431723024,2.3664526885989403
613.5264386608826,268.74532896867436,265.92363495634856,2.8216940123257928
618.7258152597036,270.46571093151954,267.1887755954669,3.276935336052645
623.9251918585247,272.18077595452576,268.4539162345853,3.726859719940478
629.1245684573457,273.852004147004,269.60666323257556,4.245340914428425
634.3239450561667,275.52323233948215,270.6740535014941,4.849178837988063
639.5233216549877,277.1944605319603,271.7414437704126,5.453016761547701
644.7226982538089,278.86568872443854,272.8088340393312,6.056854685107339
649.9220748526299,280.3296858261769,273.87622430824973,6.453461517927167
655.1214514514509,281.35587857594425,274.49961428820114,6.856264287743102
660.320828050272,282.38207132571154,275.0647639185078,7.317307407203714
665.520204649093,283.4082640754789,275.62991354881444,7.77835052666444
670.719581247914,284.4344568252462,276.57682968682946,7.857627138416717
675.9189578467351,285.2643047577303,278.2480578793077,7.016246878422635
681.1183344455561,285.8530985845864,279.91928607178585,5.933812512800557
686.3177110443771,286.4418924114425,280.2641423451921,6.177750066250383
691.5170876431982,287.03068623829864,280.5416891387235,6.488997099575158
696.7164642420192,287.61948006515473,280.81923593225486,6.800244132899877
701.9158408408402,288.2082738920108,281.4089923444761,6.799281547534747
707.1152174396613,288.79706771886697,282.5818722449545,6.215195473912445
712.3145940384824,289.52510867031407,283.75475214543303,5.770356524881038
717.5139706373034,290.32638246122826,284.9276320459115,5.398750415316783
722.7133472361244,291.12765625214246,286.0349314035289,5.092724848613557
727.9127238349455,291.92893004305665,286.4425480358407,5.48638200721598
733.1121004337665,292.72277803226945,286.85016466815244,5.872613364117001
738.3114770325875,293.5159032761574,287.25599734682777,6.259905929329648
743.5108536314086,294.3090285200454,287.66079310279133,6.648235417254057
748.7102302302296,295.04092810044864,288.0655888587549,6.975339241693746
753.9096068290506,295.35869524284567,288.47038461471845,6.888310628127215
759.1089834278716,295.6764623852427,288.8751803706821,6.801282014560627
764.3083600266928,295.9942295276398,289.5541993191821,6.440030208457699
769.5077366255138,296.6806611796981,290.3554731100963,6.325188069601836
774.7071132243348,297.3739113928743,291.1567469010105,6.217164491863798
779.9064898231559,298.06716160605043,291.95802069192473,6.109140914125703
785.1058664219769,298.76041181922653,292.25223434469734,6.508177474529191
790.3052430207979,299.4536620324027,292.5184140340568,6.935247998345915
795.504619619619,300.0729696584001,292.7845937234162,7.28837593498389
800.70399621844,300.41729923448094,293.07538822606386,7.341911008417071
805.903372817261,300.7616288105618,293.4706111094202,7.291017701141584
811.1027494160821,301.10595838664267,293.8658339927765,7.240124393866154
816.3021260149031,301.4502879627235,294.26105687613284,7.189231086590667
821.5015026137241,301.7946175388044,294.65627975948917,7.138337779315236
826.7008792125451,302.0,295.0515026428455,6.948497357154508
831.9002558113663,302.0,295.4467255262018,6.553274473798183
837.0996324101873,302.0,295.84194840955814,6.158051590441858
842.2990090090083,302.0,296.15758182424844,5.842418175751561
847.4983856078294,302.0,296.4201766019667,5.579823398033284
852.6977622066504,302.3896133445475,296.68277137968494,5.706841964862576
857.8971388054714,302.8294102373049,296.94536615740316,5.8840440799017415
863.0965154042925,303.26920713006234,296.8608909961012,6.4083161339611365
868.2958920031135,303.7090040228197,296.6852363812762,7.023767641543543
873.4952686019345,303.7654456678902,296.50958176645116,7.2558639014390565
878.6946452007555,303.07219545471406,296.33392715162614,6.738268303087921
883.8940217995766,302.3789452415379,296.15827253680106,6.220672704736842
889.0933983983977,301.6856950283618,295.88146965224627,5.804225376115539
894.2927749972187,300.99244481518565,294.6836610501288,6.30878376505683
899.4921515960398,300.2991946020095,293.4858524480113,6.813342153998178
904.6915281948608,298.98089066077597,291.88466150360915,7.0962291571668175
909.8909047936818,297.1880021784239,290.0081947611775,7.179807417246423
915.0902813925029,295.3951136960718,288.13172801874583,7.263385677325971
920.2896579913239,293.60222521371975,286.2552612763142,7.346963937405576
925.4890345901449,291.8093367313677,284.81753461353,6.991802117837722
930.688411188966,290.0164482490156,284.266363949344,5.750084299671585
935.887787787787,288.1209689933097,283.715193285158,4.40577570815168
941.087164386608,286.2245398387245,283.16402262097205,3.0605172177524764
946.286540985429,284.32811068413935,281.10782103015765,3.2202896539816948
951.4859175842502,282.43168152955417,278.41398450470604,4.0176970248481325
956.6852941830712,279.70001333151384,275.72014797925453,3.97986535225931
961.8846707818922,276.7221885521891,273.02631145380303,3.695877098386063
967.0840473807133,269.8869285810895,268.7815081748423,1.1054204062471626
972.2834239795343,257.76093982682977,263.5821315760213,-5.8211917491915415
977.4828005783553,245.6349510725701,258.3827549772003,-12.747803904630217
982.6821771771764,233.50896231831013,251.2841830466847,-17.775220728374563
987.8815537759974,221.38297356405045,240.64909454909628,-19.26612098504583
993.0809303748184,211.991093166338,230.01400605150783,-18.02291288516983
998.2803069736394,206.85512359920992,219.22474815241003,-12.369624553200111
1003.4796835724605,197.76353858514204,205.94974407031353,-8.186205485171484
1008.6790601712815,186.43528789497344,192.6747399882173,-6.2394520932438695
1013.8784367701026,175.95752466733316,181.58015580286337,-5.622631135530213
1019.0778133689237,167.10413327873735,171.6707556968749,-4.566622418137541
1024.2771899677448,158.25074189014157,162.54699047706845,-4.296248586926879
1029.4765665665657,153.6110908205512,153.58254806530834,0.02854275524285299
1034.6759431653868,149.0942578679074,144.58790935638655,4.506348511520855
1039.8753197642077,142.70777942121384,134.91465056788246,7.793128853331382
1045.0746963630288,135.72354219891682,127.22612026660886,8.497421932307958
1050.27407296185,130.446909611225,122.70028821925433,7.7466213919706775
1055.4734495606708,125.72973326148829,118.66628913396221,7.063444127526083
1060.672826159492,120.75050050050152,115.1575874990038,5.59291300149772
1065.872202758313,115.61953675166495,112.43487845643868,3.1846582952262708
1071.071579357134,112.33640445640499,108.09182386269839,4.244580593706601
1076.270955955955,109.85011508761582,103.54867926178666,6.301435825829159
1081.4703325547762,105.99343464343535,103.0,2.99343464343535
1086.669709153597,103.56102170131318,103.71122128931636,-0.15019958800317568
1091.8690857524182,103.85246532246478,104.98453800739499,-1.1320726849302076
1097.0684623512393,106.18983806873659,108.39274577329591,-2.2029077045593226
1102.2678389500602,108.64301706686967,111.81582971860705,-3.172812651737374
1107.4672155488813,112.05461726049879,115.78795411869709,-3.7333368581982995
1112.6665921477024,115.6294369235538,120.3125463463459,-4.6831094227921
1117.8659687465233,119.2231624589159,124.05609749749696,-4.83293503858107
1123.0653453453444,123.12886537618226,127.83052712639063,-4.701661750208373
1128.2647219441656,127.03456829344864,131.61536744465013,-4.580799151201489
1133.4640985429864,130.94027121071485,135.40020776290945,-4.459936552194591
1138.6634751418076,137.78127686184922,141.26722485224005,-3.4859479903908266
1143.8628517406287,144.66786838346664,147.5263469998655,-2.8584786163988554
1149.0622283394496,151.3008027988059,153.7854691474907,-2.484666348684783
1154.2616049382707,155.03688179197079,157.38798768939387,-2.351105897423082
1159.4609815370916,158.7729607851355,158.18561932671295,0.5873414584225429
1164.6603581359127,162.50903977830038,158.98325096403212,3.525788814268253
1169.8597347347338,166.24511877146526,159.78088260135127,6.464236170113992
1175.0591113335547,167.0,158.90517735477437,8.094822645225634
1180.2584879323758,167.0,157.39568092285853,9.604319077141469
1185.457864531197,167.0,155.88618449094272,11.113815509057275
1190.6572411300178,166.6077071888966,155.0,11.607707188896597
1195.856617728839,164.8957173331872,155.0,9.895717333187207
1201.05599432766,163.5409166882934,155.28183225688525,8.259084431408155
1206.255370926481,162.57806916999328,155.9441732248879,6.633895945105394
1211.454747525302,162.12747258164768,156.6065141928906,5.520958388757094
1216.6541241241232,162.44645274108458,157.3965576787935,5.049895062291085
1221.853500722944,162.76543290052143,158.3735015320128,4.3919313685086365
1227.0528773217652,163.3729938522857,159.68653970944328,3.686454142842422
1232.2522539205863,164.78246341220705,161.60042066606457,3.1820427461424856
1237.4516305194072,166.4297227622604,163.86296786983007,2.566754892430339
1242.6510071182283,169.5854137615449,167.07434753380778,2.511066227737132
1247.8503837170495,172.74110476082942,170.31186917254274,2.429235588286673
1253.0497603158703,176.1642978153098,173.81706687961304,2.347230935696757
1258.2491369146915,179.61139832281552,177.32226458668347,2.289133736132044
1263.4485135135126,183.0900614526261,180.85650109568974,2.2335603569363514
1268.6478901123335,186.59001578242322,184.39769813056233,2.19231765186089
1273.8472667111546,190.08997011222053,188.53968493232742,1.550285179893109
1279.0466433099755,193.31045950347766,192.4942046524131,0.8162548510645706
1284.2460199087966,196.43275242130431,195.11329361077446,1.3194588105298521
1289.4453965076177,199.60867574891878,197.7323825691358,1.8762931797829765
1294.6447731064386,203.03265546033745,200.35147152749707,2.6811839328403835
1299.8441497052597,206.32274733204883,202.944330991994,3.3784163400548266
1305.0435263040808,209.43200908549665,205.5285581035576,3.903450981939045
1310.2429029029017,212.5412708389443,208.11278521512108,4.428485623823235
1315.4422795017229,215.31787388037344,210.69701232668467,4.620861553688769
1320.641656100544,216.83717223717184,213.2812394382483,3.55593279892355
1325.8410326993649,218.3564705939702,215.52847485494496,2.8279957390252264
1331.040409298186,219.8757689507686,217.64586803998526,2.2299009107833285
1336.239785897007,222.81450260303896,219.76326122502553,3.0512413780134295
1341.439162495828,225.87963727919973,222.0288526411869,3.85078463801284
1346.638539094649,228.94477195536058,224.502564855604,4.442207099756587
1351.8379156934702,230.4665289757839,226.9762770700211,3.49025190576279
1357.037292292291,231.95996693501968,228.70492816544282,3.2550387695768563
1362.2366688911122,233.45340489425553,230.42636493022727,3.027039964028262
1367.4360454899333,234.94684285349138,232.14780169501174,2.799041158479639
1372.6354220887542,236.04464812034223,233.82733889351505,2.217309226827183
1377.8347986875754,237.12785157842995,235.4657979057486,1.6620536726813668
1383.0341752863965,238.2110550365177,237.10425691798213,1.106798118535579
1388.2335518852174,239.29425849460537,238.29461065231885,0.9996478422865209
1393.4329284840385,240.55463797130417,238.9445327271715,1.6101052441326829
1398.6323050828594,242.1462838689024,239.5944548020241,2.551829066878298
1403.8316816816805,243.7379297665007,240.24235723326618,3.4955725332345366
1409.0310582805016,245.11721199021585,240.88690805130187,4.230303938913977
1414.2304348793225,245.68327315218426,241.5314588693375,4.151814282846743
1419.4298114781436,246.2493343141527,242.10517122060324,4.144163093549452
1424.6291880769647,246.81539547612113,242.49031022792332,4.325085248197809
1429.8285646757856,247.38145663808953,242.8754492352434,4.506007402846137
1435.0279412746067,247.94751780005794,243.56970708900514,4.377810711052803
1440.2273178734279,248.42626366326152,244.41171139650655,4.014552266754976
1445.4266944722488,248.89608684990196,245.2537157040079,3.64237114589406
1450.6260710710699,249.36444639639626,246.0957200115093,3.2687263848869748
1455.825447669891,249.83239029029016,246.93772431901067,2.894665971279494
1461.0248242687119,250.1709357906568,247.1946869369144,2.976248853742419
1466.224200867533,250.43726697670914,247.40492320876896,3.0323437679401763
1471.4235774663541,250.70359816276144,247.61515948062353,3.0884386821379053
1476.622954065175,250.96992934881374,247.8253957524781,3.1445335963356342
1481.8223306639961,251.0,248.0455018702006,2.95449812979939
1487.0217072628172,251.0,248.31397226256658,2.6860277374334203
1492.2210838616381,251.0,248.58244265493255,2.4175573450674506
1497.4204604604593,251.0,248.85091304729852,2.149086952701481
1502.6198370592804,251.057638361083,249.16580504807587,1.8918333130071403
1507.8192136581013,251.84719498745065,249.5386687085491,2.308526278901553
1513.0185902569224,252.6367516138183,249.91153236902232,2.725219244795966
1518.2179668557433,253.4263082401859,250.28439602949553,3.1419122106903785
1523.4173434545644,254.27442280332636,250.65725968996875,3.6171631133576057
1528.6167200533855,255.27816345946943,251.11860330919112,4.15956015027831
1533.8160966522064,256.28190411561246,252.58666258415232,3.695241531460141
1539.0154732510275,257.2856447717555,254.0547218591136,3.2309229126419154
1544.2148498498486,258.28938542789865,255.0,3.289385427898651
1549.4142264486695,259.1051195233694,255.0,4.10511952336941
1554.6136030474906,259.46507636482625,255.06447208927668,4.4006042755495685
1559.8129796463118,259.8250332062831,255.43005325638129,4.394979949901796
1565.0123562451327,260.0,255.7956344234859,4.204365576514107
1570.2117328439538,260.0,256.4535295735293,3.546470426470705
1575.411109442775,260.0,257.4819776919774,2.51802230802258
1580.6104860415958,260.2555113446776,258.51042581042555,1.7450855342520413
1585.809862640417,261.673523144356,259.5388739288736,2.1346492154823977
1591.009239239238,263.0915349440345,260.0,3.0915349440344926
1596.208615838059,264.31607222824294,260.0,4.316072228242945
1601.40799243688,265.19566601375783,260.0,5.19566601375783
1606.6073690357011,266.05581535299217,260.62086314444787,5.434952208544303
1611.806745634522,266.70815349503755,261.42351133294505,5.284642162092496
1617.0061222333431,267.36049163708293,262.2261595214423,5.134332115640632
1622.2054988321643,268.01282977912837,263.0288077099396,4.984022069188768
1627.4048754309852,268.66516792117375,263.8314558984368,4.833712022736961
1632.6042520298063,269.0,264.63410408693403,4.36589591306597
1637.8036286286272,269.0,265.0,4.0
1643.0030052274483,269.0,265.0,4.0
1648.2023818262694,269.0,265.0,4.0
1653.4017584250903,269.0,265.0661672105491,3.9338327894508893
1658.6011350239114,269.0,265.5669097401306,3.4330902598694024
1663.8005116227325,269.0,266.0676522697121,2.9323477302879155
1668.9998882215534,269.0,266.56839479929357,2.4316052007064286
1674.1992648203745,269.0,267.0686232966901,1.9313767033099225
1679.3986414191957,269.0,267.5656428334866,1.4343571665133936
1684.5980180180165,269.0,268.0626623702831,0.9373376297169216
1689.7973946168377,269.0,268.55968190707955,0.44031809292044954
1694.9967712156588,269.0,268.87958403892634,0.12041596107366104
1700.1961478144797,269.0,267.8240714963086,1.1759285036914093
1705.3955244133008,268.94946423483424,266.7685589536908,2.1809052811434526
1710.594901012122,268.5113145214504,265.80724834683184,2.7040661746185606
1715.7942776109428,268.0731648080666,265.09824244699263,2.974922361073993
1720.993654209764,267.63501509468284,264.38923654715336,3.2457785475294827
1726.193030808585,267.196865381299,263.5972370748613,3.599628306437694
1731.392407407406,267.0,262.7042143765905,4.295785623409472
1736.591784006227,267.0,261.7101497249205,5.289850275079516
1741.7911606050482,267.0,260.3392203482782,6.660779651721782
1746.990537203869,266.11297343634186,258.96829097163595,7.144682464705909
1752.1899138026902,264.8417667484119,257.5973615949937,7.2444051534181995
1757.389290401511,263.57056006048197,256.2264322183515,7.34412784213049
1762.5886670003322,262.299353372552,255.23099403537415,7.068359337177839
1767.7880435991533,261.65732861693124,254.30984463794522,7.34748397898602
1772.9874201979742,261.2091064963432,252.74781121847698,8.461295277866242
1778.1867967967953,259.6269980855863,250.86094067858227,8.766057407004041
1783.3861733956164,257.05330666916984,248.97407013868752,8.07923653048232
1788.5855499944373,254.4796152527535,246.81105830094867,7.668556951804817
1793.7849265932584,251.90592383633702,244.35336978259835,7.552554053738675
1798.9843031920796,249.40289039039098,241.89568126424803,7.507209126142953
1804.1836797909004,247.1015269777981,239.43799274589782,7.663534231900286
1809.3830563897216,244.8001635652051,237.33623905957282,7.463924505632292
1814.5824329885427,241.78986667681437,235.73643087532017,6.053435801494203
1819.7818095873636,238.4016968899721,234.13662269106757,4.265074198904529
1824.9811861861847,235.01352710312972,232.11461781164476,2.898909291484955
1830.1805627850058,231.6253573162873,230.05319096629714,1.5721663499901695
1835.3799393838267,228.23718752944507,227.99176412094963,0.24542340849544075
1840.5793159826478,225.60587577246696,227.24212166226044,-1.6362458897934857
1845.778692581469,224.44568430000274,227.70873238266748,-3.2630480826647386
1850.9780691802898,223.28549282753858,228.17534310307448,-4.889850275535906
1856.177445779111,222.12530135507436,228.6419538234815,-6.5166524684071305
1861.376822377932,220.96510988261014,229.10856454388852,-8.143454661278383
1866.576198976753,220.03560312575013,229.57517526429552,-9.539572138545395
1871.775575575574,220.24734244425417,230.04178598470253,-9.794443540448356
1876.974952174395,220.4590817627582,230.50839670510953,-10.049314942351344
1882.174328773216,220.6708210812622,230.97500742551657,-10.304186344254362
1887.3737053720372,220.88256039976622,231.4416181459236,-10.559057746157379
1892.573081970858,221.18774988952907,231.90822886633057,-10.720478976801502
1897.7724585696792,221.60932096510916,232.3748395867376,-10.765518621628445
1902.9718351685003,222.19729669254926,232.84145030714464,-10.644153614595382
1908.1712117673212,224.8897241602931,233.30806102755164,-8.418336867258546
1913.3705883661423,227.58215162803705,233.77467174795865,-6.192520119921596
1918.5699649649634,230.27457909578104,235.12375175593507,-4.849172660154039
1923.7693415637843,232.96700656352488,237.2969499163618,-4.329943352836921
1928.9687181626055,235.65943403126883,239.47014807678858,-3.8107140455197452
1934.1680947614266,238.0421325862148,241.64334623721538,-3.6012136510005917
1939.3674713602475,240.11769018009895,243.70328968968911,-3.5855995095901676
1944.5668479590686,242.1932477739832,245.57506526526473,-3.381817491281538
1949.7662245578897,244.26880536786743,247.4468408408403,-3.17803547297288
1954.9656011567106,246.34436296175159,249.3186164164158,-2.974253454664222
1960.1649777555317,248.25150560668897,250.0,-1.7484943933110344
1965.3643543543528,249.4946321096946,250.0,-0.5053678903053935
1970.5637309531737,250.73775861270022,251.05992250356644,-0.32216389086622144
1975.7631075519948,251.98088511570586,253.1841814252638,-1.2032963095579419
1980.962484150816,253.7997991155214,255.30844034696116,-1.5086412314397535
1986.1618607496368,255.62770495104436,257.2921608198232,-1.6644558687788447
1991.361237348458,256.9481841256012,258.7264716057049,-1.7782874801036996
1996.5606139472789,258.13888105662886,260.16078239158657,-2.021901334957704
2001.7599905461,259.3295779876566,261.60823668279767,-2.2786586951410754
2006.959367144921,260.5202749186843,263.07422632532234,-2.5539514066380207
2012.158743743742,261.710971849712,264.540215967847,-2.8292441181350227
2017.358120342563,263.3173079213038,266.0039722543396,-2.6866643330358215
2022.5574969413842,265.0568763000915,266.9423624158915,-1.8854861158000062
2027.756873540205,266.7964446788792,267.88075257744345,-1.0843078985642478
2032.9562501390262,268.53601305766693,268.81914273899537,-0.2831296813284325
2038.1556267378473,269.7826902518392,269.75753290054735,0.025157351291852592
2043.3550033366682,270.85008052075773,270.69592306209927,0.1541574586584602
2048.5543799354896,271.9174707896764,271.63431322365125,0.28315756602512465
2053.7537565343105,272.9848610585949,272.5727799600641,0.4120810985307912
2058.9531331331314,274.02082452907445,273.51129559162024,0.5095289374542062
2064.1525097319523,274.446228068978,274.44981122317637,-0.0035831541983952775
2069.3518863307736,274.8716316088815,275.38832685473255,-0.5166952458510536
2074.5512629295945,275.9011704671571,276.3268424862887,-0.42567201913158215
2079.7506395284154,277.19179586402754,277.1896882545626,0.002107609464928828
2084.9500161272367,278.4824212608981,277.8605755576363,0.6218457032617835
2090.1493927260576,279.77304665776853,278.53146286071,1.2415837970585244
2095.3487693248785,281.06367205463897,279.2492085092948,1.8144635453441538
2100.5481459237,282.07565261079685,280.07545357664526,2.000199034151592
2105.7475225225207,282.35123794288984,280.90169864399564,1.4495392988941944
2110.9468991213416,282.62682327498277,281.727943711346,0.8988795636367968
2116.146275720163,282.9024086070758,282.22181258997506,0.6805960171007541
2121.345652318984,283.42123164976806,282.5525149884867,0.8687166612813826
2126.5450289178048,284.0734182614668,282.88321738699824,1.1902008744685872
2131.744405516626,284.7256048731657,283.31751380751376,1.408091065651945
2136.943782115447,285.3777914848645,283.808364045864,1.569427439000492
2142.143158714268,286.0299780965633,284.2992142842142,1.730763812349096
2147.3425353130892,286.6821647082621,284.7900645225645,1.8921001856976432
2152.54191191191,287.23716962142555,285.28091476091464,1.95625486051091
2157.741288510731,287.6997933425268,285.77176499926486,1.9280283432619285
2162.9406651095524,288.162417063628,286.347722027583,1.8146950360450091
2168.1400417083732,288.62504078472926,286.99764410243563,1.6273966822936359
2173.339418307194,289.04368110721555,287.6475661772883,1.3961149299272506
2178.5387949060155,289.2741953406608,288.211026149302,1.0631691913588384
2183.7381715048364,289.5047095741061,288.6720546161925,0.8326549579135758
2188.9375481036573,289.73522380755134,289.133083083083,0.6021407244683132
2194.1369247024786,289.96573804099665,289.59411154997355,0.3716264910231075
2199.3363013012995,290.0,290.038333641861,-0.03833364186101562
2204.5356779001204,290.0,290.35884315822665,-0.35884315822664803
2209.7350544989417,290.0,290.67935267459234,-0.6793526745923373
2214.9344310977626,290.0,290.999862190958,-0.9998621909580265
2220.1338076965835,290.0,291.3203717073237,-1.3203717073237158
2225.333184295405,290.0,291.6408812236894,-1.640881223689405
2230.5325608942258,290.0,291.9613907400551,-1.9613907400550943
2235.7319374930466,290.0,292.3511726743808,-2.3511726743807912
2240.931314091868,290.0,292.75044220842,-2.7504422084199973
2246.130690690689,290.0,293.0,-3.0
2251.3300672895098,291.0508384528516,293.0,-1.9491615471483783
2256.529443888331,292.1928613787672,293.0,-0.8071386212328093
2261.728820487152,293.33488430468276,293.7836341391896,-0.4487498345068275
2266.928197085973,294.4769072305983,294.6839590913664,-0.20705186076810378
2272.1275736847942,295.61893015651384,295.5842840435433,0.03464611297056308
2277.326950283615,296.7609530824294,296.48460899572,0.27634408670940047
2282.526326882436,297.9029760083449,297.0,0.9029760083449219
2287.7257034812574,298.35801698437564,297.0,1.358016984375638
2292.9250800800783,298.74927442074176,297.0,1.7492744207417559
2298.124456678899,299.1400634175842,297.198168501835,1.9418949157491738
2303.32383327772,299.5300166624957,297.97807499165816,1.5519416708375502
2308.5232098765414,299.91996990740734,298.7579814814814,1.1619884259259265
2313.7225864753623,300.91153868329087,299.53788797130454,1.373650711986329
2318.921963074183,302.0584599918543,300.31568986204735,1.7427701298069564
2324.1213396730045,303.20538130041786,301.09043140822934,2.1149498921885197
2329.3207162718254,304.3523026089813,301.86517295441126,2.487129654570026
2334.5200928706463,305.4992239175447,302.56137742680943,2.9378464907352964
2339.7194694694676,306.47093114014325,303.24103449855073,3.229896641592518
2344.9188460682885,307.30684377660964,303.92069157029204,3.386152206317604
2350.1182226671094,308.142756413076,304.60034864203334,3.542407771042633
2355.3175992659308,308.9786690495425,305.2800057137747,3.698663335767776
2360.5169758647517,309.81458168600886,305.959662785516,3.854918900492862
2365.7163524635725,310.6504943224752,306.4083225618939,4.2421717605813
2370.915729062394,311.3457658610991,306.8424078066935,4.5033580544056235
2376.115105661215,311.9399803295358,307.276493051493,4.663487278042794
2381.3144822600357,312.5341947979725,307.7105782962925,4.823616501679965
2386.513858858857,313.12840926640916,308.1504314764925,4.977977789916679
2391.713235457678,313.72262373484585,308.6018243001844,5.120799434661478
2396.912612056499,314.31683820328254,309.0532171238762,5.2636210794063345
2402.11198865532,314.91105267171923,309.5046099475681,5.406442724151134
2407.311365254141,315.50207933485524,309.95600277125993,5.546076563595307
2412.510741852962,316.09254481610935,310.4073955949518,5.6851492211575305
2417.7101184517833,316.6830102973635,310.8587884186437,5.824221878719811
2422.909495050604,317.13630789594623,311.0,6.136307895946231
2428.108871649425,317.4306122317285,311.0,6.430612231728503
2433.3082482482464,317.7249165675109,311.0,6.724916567510888
2438.5076248470673,318.02728681806803,311.0,7.027286818068035
2443.707001445888,318.44509386618756,311.5228915816774,6.922202284510149
2448.9063780447095,318.86290091430715,312.2704057891757,6.59249512513145
2454.1057546435304,319.2807079624267,313.0,6.280707962426675
2459.3051312423513,319.6985150105462,313.0,6.698515010546203
2464.5045078411727,320.16183938596976,313.0,7.161839385969756
2469.7038844399935,320.74313614857084,313.0,7.743136148570841
2474.9032610388144,321.3244329111719,313.0081646455372,8.316268265634733
2480.102637637636,321.90572967377307,313.3062180811384,8.599511592634656
2485.3020142364567,322.1213796536474,313.60427151673963,8.51710813690778
2490.5013908352776,322.26625392420283,313.90232495234085,8.36392897186198
2495.700767434099,322.4111281947582,314.14267304719687,8.268455147561326
2500.90014403292,322.5560024653136,314.3548925002099,8.201109965103683
2506.0995206317407,322.700876735869,314.56711195322305,8.133764782645926
2511.298897230562,322.84575100642434,314.77933140623617,8.06641960018817
2516.498273829383,322.99062527697976,314.99155085924923,7.999074417730526
2521.697650428204,323.135419888777,315.203125469502,7.932294419274967
2526.897027027025,323.2802089892733,315.4146733419676,7.865535647305705
2532.096403625846,323.4249980897696,315.6262212144332,7.798776875336387
2537.295780224667,323.56978719026586,315.8377690868988,7.732018103367068
2542.495156823488,323.7145762907621,316.0,7.714576290762125
2547.694533422309,323.8593653912584,316.0,7.859365391258393
2552.89391002113,324.0,316.0,8.0
2558.093286619951,324.0,316.0,8.0
2563.2926632187723,324.0,316.25291147614485,7.747088523855155
2568.492039817593,324.0,316.5481442167719,7.451855783228098
2573.691416416414,324.0,316.84337695739896,7.156623042601041
2578.8907930152354,324.0,317.0986955846232,6.901304415376785
2584.0901696140563,324.0,317.3089129673249,6.691087032675114
2589.289546212877,324.0,317.51913035002656,6.480869649973442
2594.4889228116986,324.35408817073943,317.72934773272823,6.624740438011202
2599.6882994105194,325.212700820086,317.93956511542984,7.27313570465617
2604.8876760093403,326.07131346943254,318.0,8.071313469432539
2610.0870526081617,326.9299261187792,318.0,8.929926118779179
2615.2864292069826,327.0,318.0,9.0
2620.4858058058035,327.0,318.0,9.0
2625.685182404625,327.0,318.0,9.0
2630.8845590034457,327.0,317.71789570327434,9.282104296725663
2636.0839356022666,327.0,317.4226629626473,9.57733703735272
2641.283312201088,327.0,317.12743022202017,9.872569777979834
2646.482688799909,327.0,317.11905682400766,9.880943175992343
2651.6820653987297,327.0,317.3285261021445,9.671473897855492
2656.881441997551,327.0,317.5379953802814,9.462004619718584
2662.080818596372,327.0,317.7474646584183,9.252535341581677
2667.280195195193,327.0,317.9569339365552,9.043066063444826
2672.479571794014,327.0,318.0,9.0
2677.678948392835,327.0,318.0,9.0
2682.878324991656,327.0,318.0,9.0
2688.0777015904773,327.0,318.0,9.0
2693.277078189298,327.0,318.0,9.0
2698.476454788119,327.0,318.0,9.0
2703.6758313869404,327.0,318.0,9.0
2708.8752079857613,327.0,318.0,9.0
2714.074584584582,327.0,318.0,9.0
2719.2739611834036,327.0,318.0,9.0
2724.4733377822245,327.0,318.0,9.0
2729.6727143810454,327.0,317.6968218746173,9.303178125382715
2734.8720909798667,327.0,317.36774740633746,9.632252593662542
2740.0714675786876,327.0,317.0386729380577,9.961327061942313
2745.2708441775085,326.78137976933994,316.70959846977786,10.071781299562076
2750.47022077633,326.49429762584674,316.38052400149803,10.11377362434871
2755.6695973751507,326.20721548235355,316.05144953321826,10.155765949135287
2760.8689739739716,325.89955041847406,315.68668043043056,10.212869988043508
2766.068350572793,325.5384825991115,315.31529638765755,10.223186211453935
2771.267727171614,325.1774147797489,314.9624891478528,10.214925631896108
2776.4671037704347,324.81634696038634,314.7141112848518,10.10223567553453
2781.666480369256,324.45527914102377,314.46573342185076,9.989545719173009
2786.865856968077,324.0942113216612,314.21735555884976,9.87685576281143
2792.065233566898,323.8222853584672,313.9464780027281,9.875807355739084
2797.2646101657188,323.5818301376284,313.5179579533747,10.063872184253682
2802.46398676454,323.34137491678956,313.08943790402134,10.251937012768224
2807.663363363361,323.1009196959507,312.66091785466796,10.440001841282765
2812.862739962182,323.0,312.2323978053146,10.767602194685423
2818.062116561003,323.0,312.0,11.0
2823.261493159824,323.0,312.0,11.0
2828.460869758645,322.7618768457899,312.0,10.761876845789914
2833.6602463574663,322.47122846448934,312.0,10.471228464489343
2838.8596229562872,322.18058008318883,312.0,10.18058008318883
2844.058999555108,322.0,312.0,10.0
2849.2583761539295,322.0,311.80292271534216,10.197077284657837
2854.4577527527504,322.0,311.37163802050907,10.628361979490933
2859.6571293515713,322.0,310.940353325676,11.059646674323972
2864.8565059503926,321.6080486289862,310.50906863084293,11.09897999814325
2870.0558825492135,321.19024158086665,310.07778393600984,11.112457644856818
2875.2552591480344,320.7724345327471,309.75094264719274,11.021491885554383
2880.4546357468557,320.35462748462754,309.44708297583304,10.907544508794501
2885.6540123456766,319.92582692755656,309.1432233044734,10.782603623083162
2890.8533889444975,319.4353197012527,308.83936363311375,10.595956068138946
2896.052765543319,318.94481247494883,308.53550396175405,10.409308513194787
2901.2521421421397,318.45430524864497,308.23164429039434,10.222660958250628
2906.4515187409606,318.0,307.9482495641291,10.051750435870872
2911.650895339782,318.0,307.73049996250325,10.269500037496755
2916.850271938603,318.0,307.5127503608775,10.487249639122524
2922.0496485374238,318.0,307.29500075925165,10.70499924074835
2927.249025136245,318.0,307.0772511576258,10.922748842374176
2932.448401735066,318.0,306.7533242188268,11.246675781173224
2937.647778333887,318.0,306.3710171159723,11.628982884027721
2942.8471549327082,318.0,305.9924486645116,12.007551335488415
2948.046531531529,318.0,305.7367416186679,12.263258381332093
2953.24590813035,317.5921174815598,305.4810345728243,12.111082908735511
2958.4452847291714,315.8884382562178,305.2253275269806,10.66311072923719
2963.6446613279923,314.18475903087597,304.9695205485091,9.215238482366885
2968.844037926813,312.4810798055342,304.7129723610673,7.768107444466921
2974.0434145256345,310.7774005801922,304.4564241736254,6.3209764065667855
2979.2427911244554,309.07372135485036,304.1998759861836,4.873845368666764
2984.4421677232763,309.0,303.95126351009196,5.048736489908038
2989.6415443220976,309.0,303.73063932626644,5.2693606737335585
2994.8409209209185,309.0,303.5100151424409,5.4899848575590795
3000.0402975197394,309.0,303.28939095861546,5.710609041384544
3005.2396741185607,309.0,303.06876677478994,5.931233225210065
3010.4390507173816,309.0,302.78669565260634,6.2133043473936596
3015.6384273162025,309.0,302.47679903413353,6.523200965866465
3020.837803915024,309.0,302.16690241566073,6.833097584339271
3026.0371805138448,309.0,302.0,7.0
3031.2365571126657,309.0,302.0,7.0
3036.4359337114865,309.0,302.0,7.0
3041.635310310308,309.0,301.7184759627636,7.281524037236409
3046.834686909129,309.0,300.5181667163829,8.481833283617107
3052.0340635079497,309.0,299.31785747000214,9.682142529997861
3057.233440106771,309.0,298.1175482236213,10.882451776378673
3062.432816705592,309.0,296.9172389772406,12.082761022759428
3067.632193304413,306.13587170788685,295.7169297308598,10.418941977027032
3072.831569903234,299.74755916326,294.516620484479,5.230938678781001
3078.030946502055,293.3592466186337,293.31631123809825,0.04293538053542534
3083.230323100876,293.0,291.807511837097,1.1924881629029755
3088.4296996996973,293.0,290.1883288132426,2.811671186757394
3093.629076298518,293.0,288.85538110700725,4.144618892992753
3098.828452897339,292.64802309698285,288.3118922639249,4.33613083305795
3104.0278294961604,290.7648306673022,287.76840342084256,2.996427246459632
3109.2272060949813,288.8816382376217,287.2249145777602,1.656723659861484
3114.426582693802,286.9984458079412,286.3920823527431,0.6063634551981067
3119.6259592926235,285.1152533782606,285.35497265882924,-0.2397192805686359
3124.8253358914444,285.0,284.3178629649155,0.6821370350845086
3130.0247124902653,285.0,283.2807532710018,1.7192467289982005
3135.2240890890866,284.25973420587883,282.24364357708794,2.0160906287908915
3140.4234656879075,282.7868892161049,281.03760238733383,1.7492868287710621
3145.6228422867284,281.314044226331,279.77968869407067,1.5343555322603493
3150.82221888555,279.841199236557,278.6132615223921,1.2279377141648524
3156.0215954843707,278.3683542467831,277.5959921878402,0.7723620589429174
3161.2209720831916,278.0,276.5787228532883,1.4212771467117022
3166.420348682013,278.0,275.8159385206375,2.1840614793625264
3171.619725280834,278.0,275.3889824130701,2.611017586929904
3176.8191018796547,277.7889436273258,274.96202630550266,2.826917321823146
3182.018478478476,276.65039400714596,274.5350701979352,2.115323809210736
3187.217855077297,275.51184438696623,274.1081140903678,1.4037302965984395
3192.417231676118,274.3732947667865,272.9645900715533,1.4087046952332116
3197.616608274939,273.3128469996215,271.57808964520086,1.7347573544206512
3202.81598487376,272.2904976683927,270.1915892188486,2.0989084495440693
3208.015361472581,271.2681483371639,269.5715912970389,1.6965570401250147
3213.2147380714023,270.24579900593494,269.0744925623558,1.1713064435791694
3218.414114670223,269.22344967470616,268.5773938276727,0.6460558470334377
3223.613491269044,268.2011003434773,268.08029509298973,0.12080525048759228
3228.8128678678654,267.1787510122484,266.51379504504524,0.6649559672031842
3234.0122444666863,265.77186068065555,264.7412802954472,1.0305803852083386
3239.211621065507,264.28348951687093,262.2136096069828,2.0698799098881295
3244.4109976643285,262.79511835308614,259.14311161555287,3.65200673753327
3249.6103742631494,260.9386695349625,256.0726136241232,4.866055910839293
3254.8097508619703,258.6600582765151,253.49103889699632,5.169019379518772
3260.0091274607917,256.3814470180675,251.92496160819474,4.456485409872755
3265.2085040596126,254.1028357596201,250.3588843193933,3.7439514402267946
3270.4078806584334,251.8242245011727,248.68284190953304,3.1413825916396547
3275.6072572572543,249.48232645755562,246.28558835474882,3.1967381028067905
3280.8066338560757,247.10456276907027,243.92734317651016,3.1772195925601068
3286.0060104548966,244.9516069416701,242.3675301968639,2.5840767448061968
3291.2053870537175,242.99368269943628,240.80771721721766,2.18596548221862
3296.404763652539,241.03575845720232,239.42878802853514,1.6069704286671822
3301.6041402513597,239.0778342149685,238.24411994272782,0.8337142722406838
3306.8035168501806,239.0,237.05945185692053,1.940548143079468
3312.002893449002,239.0,237.0,2.0
3317.202270047823,239.0,237.0,2.0
3322.4016466466437,239.2486199277569,237.0,2.2486199277568915
3327.601023245465,239.52616672128826,237.88810852519163,1.6380581960966367
3332.800399844286,239.80371351481963,238.86299163747054,0.9407218773490911
3337.999776443107,240.18871195575727,239.83787474974946,0.3508372060078102
3343.199153041928,240.833262773793,240.80604085490427,0.027221918888727714
3348.398529640749,241.47781359182864,241.77286708195774,-0.2950534901291064
3353.59790623957,242.0,241.70289496965856,0.29710503034144153
3358.7972828383913,242.0,241.31455978800386,0.6854402119961378
3363.996659437212,242.0,240.81323666103108,1.186763338968916
3369.196036036033,242.0,239.83016125369096,2.16983874630904
3374.3954126348544,242.182861548105,238.84708584635078,3.3357757017542156
3379.5947892336753,242.5038107208717,238.0,4.503810720871712
3384.794165832496,242.82475989363843,238.0,4.824759893638429
3389.9935424313176,243.1741342777203,238.0,5.174134277720299
3395.1929190301385,243.5576948464858,238.0,5.557694846485788
3400.3922956289593,243.94125541525125,238.0,5.9412554152512485
3405.5916722277807,244.53478475101278,238.86760496033173,5.667179790681047
3410.7910488266016,245.1662879816388,240.4145269236173,4.751761058021486
3415.9904254254225,245.79779121226483,241.96144888690284,3.836342325361983
3421.189802024244,246.4292944428909,242.9311881269021,3.4981063159887924
3426.3891786230647,247.09010215215207,243.88617566546102,3.2039264866910457
3431.5885552218856,248.02598993993982,244.84116320401998,3.1848267359198417
3436.787931820707,248.96187772772765,245.6963210421485,3.2655566855791562
3441.987308419528,249.89776551551537,246.5315622628426,3.3662032526727614
3447.1866850183487,250.9885217035215,247.36680348353673,3.6217182199847855
3452.38606161717,252.09827006848732,248.20204470423093,3.896225364256395
3457.585438215991,253.19502932615757,249.0332899433295,4.161739382828074
3462.784814814812,254.2354826755603,249.7790172642759,4.456465411284398
3467.984191413633,255.2759360249631,250.52474458522235,4.751191439740751
3473.183568012454,256.3163893743658,251.38032744228775,4.936061932078076
3478.382944611275,257.1244108643526,252.4289412101172,4.695469654235438
3483.5823212100963,257.4871580689216,253.4775549779467,4.009603090974878
3488.781697808917,257.8499052734905,254.52616874577615,3.3237365277143454
3493.981074407738,259.3038103455162,255.49708662150482,3.8067237240113627
3499.1804510065595,261.5278782822743,256.40395463292714,5.123923649347148
3504.3798276053803,263.5881393475256,257.3108226443494,6.277316703176211
3509.5792042042012,265.3277077263133,258.3429874148951,6.984720311418187
3514.778580803022,267.067276105101,259.7718237321283,7.2954523729726475
3519.9779574018435,268.8068444838888,261.20066004936166,7.606184434527165
3525.1773340006644,269.51166674054116,262.42054885946993,7.091117881071227
3530.3767105994852,270.0872434857981,263.3751143112645,6.712129174533629
3535.5760871983066,270.6628202310551,264.3296797630591,6.333140467995975
3540.7754637971275,271.59974236743165,265.2842452148537,6.3154971525779615
3545.9748403959484,273.0477379132611,266.2388106666482,6.808927246612882
3551.1742169947697,274.4957334590906,267.1933761184428,7.302357340647802
3556.3735935935906,275.94372900492004,268.1328267828264,7.8109022220936595
3561.5729701924115,277.44890892665677,268.9898668815331,8.459042045123681
3566.772346791233,279.10828443691884,269.84690698023996,9.261377456678872
3571.9717233900537,280.7676599471808,270.70394707894667,10.06371286823412
3577.1710999888746,282.14134272182963,271.56098717765343,10.5803555441762
3582.370476587696,282.6905726442404,272.41802727636025,10.272545367880127
3587.569853186517,283.239802566651,273.3098231805809,9.929979386070102
3592.7692297853378,283.7890324890617,274.2751535444672,9.513878944594524
3597.968606384159,284.0,275.24048390835355,8.759516091646447
3603.16798298298,284.0,276.2058142722398,7.79418572776018
3608.367359581801,284.274473363213,277.11894245499946,7.155530908213564
3613.5667361806222,285.6237925497584,277.7898297580732,7.833962791685167
3618.766112779443,286.97311173630357,278.4607170611469,8.512394675156656
3623.965489378264,288.32243092284875,279.0,9.322430922848753
3629.1648659770854,289.3180381405295,279.0,10.318038140529495
3634.3642425759062,289.9568693949921,279.0,10.956869394992111
3639.563619174727,290.5957006494548,279.10231390516066,11.493386744294128
3644.7629957735485,291.23453190391746,279.5781084083573,11.656423495560148
3649.9623723723694,291.8733631583801,280.05390291155396,11.819460246826111
3655.1617489711903,292.51219441284275,280.52969741475056,11.982496998092188
3660.3611255700116,293.0376279936399,281.0027264840873,12.034901509552583
3665.5605021688325,293.1967925833997,281.23893652113526,11.957856062264455
3670.7598787676534,293.35595717315954,281.4751465581832,11.880810614976326
3675.9592553664747,293.51512176291936,281.7113565952312,11.803765167688141
3681.1586319652956,293.6742863526792,281.9475666322792,11.726719720400013
3686.3580085641165,293.833450942439,282.25638786673983,11.577063075699186
3691.557385162938,293.99261553219884,282.5859258201862,11.406689712012621
3696.7567617617588,294.27409923744375,282.9154637736326,11.35863546381114
3701.9561383605796,294.5615340617029,283.245001727079,11.3165323346239
3707.155514959401,294.84896888596205,283.57453968052545,11.274429205436604
3712.354891558222,295.1364037102212,283.90407763397184,11.232326076249365
3717.5542681570428,295.42383853448035,284.12933104644594,11.294507488034412
3722.753644755864,295.7112733587395,284.31176531307125,11.399508045668256
3727.953021354685,295.99870818299866,284.49419957969656,11.5045086033021
3733.152397953506,296.31264484282934,284.67663384632186,11.63601099650748
3738.3517745523272,296.6267011474561,284.85906811294717,11.767633034508947
3743.551151151148,296.9407574520829,285.0372215397215,11.903535912361406
3748.750527749969,297.25481375670967,285.2008382858382,12.053975470871478
3753.94990434879,297.56887006133644,285.36445503195495,12.204415029381494
3759.1492809476113,297.8829263659632,285.5280717780717,12.35485458789151
3764.348657546432,298.16360322139303,285.69168852418846,12.471914697204568
3769.548034145253,298.42444151230376,285.85530527030517,12.569136241998592
3774.7474107440744,298.68527980321454,286.0,12.685279803214542
3779.9467873428953,298.94611809412527,286.0,12.946118094125268
3785.146163941716,299.0,286.0,13.0
3790.3455405405375,299.0,286.1367372163103,12.86326278368972
3795.5449171393584,299.0,286.34054553246614,12.659454467533862
3800.7442937381793,299.0,286.54435384862205,12.455646151377948
3805.9436703370006,299.0,286.7481621647779,12.25183783522209
3811.1430469358215,299.0220556366459,286.95197048093377,12.07008515571215
3816.3424235346424,299.5381156787119,287.0,12.538115678711904
3821.5418001334638,300.05417572077795,287.0,13.054175720777948
3826.7411767322847,300.570235762844,287.0,13.570235762843993
3831.9405533311055,301.0,287.0,14.0
3837.139929929927,301.0,287.0,14.0
3842.339306528748,301.0,286.7973813288302,14.202618671169773
3847.5386831275687,301.0,286.56116532989336,14.438834670106644
3852.73805972639,300.9199859025693,286.3249493309565,14.595036571612809
3857.937436325211,300.66001707262825,286.0887333320197,14.571283740608578
3863.136812924032,300.4000482426872,285.8525173330828,14.547530909604404
3868.336189522853,300.1400794127461,285.616301334146,14.523778078600117
3873.535566121674,300.0,285.3800853352091,14.619914664790883
3878.734942720495,300.0,285.1438693362723,14.856130663727697
3883.9343193193163,300.0,284.90765333733543,15.092346662664568
3889.133695918137,300.0,284.67143733839856,15.328562661601438
3894.333072516958,300.0,284.43522133946175,15.564778660538252
3899.5324491157794,300.0,284.1990053405249,15.800994659475123
3904.7318257146003,300.0,283.96278934158806,16.037210658411936
3909.931202313421,299.67884528824146,283.7265733426512,15.952271945590269
3915.1305789122425,298.89370452667447,283.4903573437143,15.403347182960147
3920.3299555110634,298.10856376510753,283.2541413447775,14.854422420330025
3925.5293321098843,297.4874069196316,283.01792534584064,14.469481573790972
3930.7287087087057,296.89256298671563,281.5795970605649,15.312965926150753
3935.9280853075265,296.29771905379965,280.0425550733222,16.255163980477448
3941.1274619063474,295.70287512088373,278.50551308607953,17.1973620348042
3946.326838505169,295.1080311879677,276.9684710988367,18.13956008913101
3951.5262151039897,294.64231691218004,275.431429111594,19.210887800586022
3956.7255917028106,294.2052584807723,273.86467486004614,20.340583620726136
3961.924968301632,293.7682000493645,271.8952140271593,21.872986022205225
3967.124344900453,293.33114161795675,269.9257531942726,23.405388423684144
3972.3237214992737,292.89408318654904,267.9562923613859,24.93779082516312
3977.523098098095,292.4570247551413,265.98683152849907,26.47019322664221
3982.722474696916,292.0199663237335,264.0173706956123,28.002595628121185
3987.921851295737,285.50010854520445,263.11485378508326,22.3852547601212
3993.1212278945577,278.68906534567094,262.2218310868125,16.46723425885847
3998.320604493379,271.87802214613686,260.85958364330685,11.018438502830008
4003.5199810922,265.06697894660334,259.3422558420946,5.724723104508769
4008.719357691021,259.4398936936954,257.8249280408823,1.6149656528131118
4013.918734289842,253.82456696696846,253.8331512656763,-0.00858429870783084
4019.118110888663,246.05960107026834,246.8933053816568,-0.833704311388459
4024.317487487484,233.70360116379481,239.9534594976373,-6.2498583338424964
4029.5168640863053,221.3476012573202,230.1292195986145,-8.78161834129429
4034.716240685126,208.89884912537224,216.486540476344,-7.587691350971767
4039.915617283947,195.97222222222632,202.8438613540735,-6.871639131847189
4045.1149938827684,183.04559531907927,191.3164964127358,-8.270901093656533
4050.3143704815893,170.96450080654242,181.9184600500136,-10.95395924347119
4055.51374708041,159.04236338249456,171.8940317676239,-12.85166838512933
4060.7131236792316,154.87400695651857,160.12185833633018,-5.247851379811607
4065.9125002780524,152.30852508210032,152.7174083044273,-0.4088832223269776
4071.1118768768733,143.64729729730044,145.786443667087,-2.139146369786573
4076.3112534756947,136.17520477608096,139.2523184032621,-3.0771136271811486
4081.5106300745156,131.67180772198407,132.9217763305953,-1.2499686086112263
4086.7100066733365,127.16841066788717,131.1080403077508,-3.9396296398636252
4091.909383272158,124.94308190102568,129.29430428490613,-4.3512223838804545
4097.108759870979,122.8062542198807,125.83860170654741,-3.0323474866667084
4102.3081364698,120.95060402539418,124.0,-3.0493959746058152
4107.507513068621,119.26533189852546,124.0,-4.73466810147454
4112.706889667442,121.19038927816655,124.0,-2.809610721833451
4117.906266266263,123.790077577577,127.32246238775784,-3.5323848101808437
4123.105642865084,126.73850376692359,131.20259417792278,-4.464090410999191
4128.3050194639045,131.66422896580667,135.02726465538674,-3.363035689580073
4133.504396062726,133.0,138.70864144301416,-5.708641443014159
4138.703772661547,137.58465444755075,142.39001823064095,-4.8053637830902005
4143.903149260368,145.07644653282225,147.36481478372448,-2.288368250902238
4149.102525859189,146.8710539878324,152.5964856471344,-5.725431659301989
4154.30190245801,148.66566144284252,157.8281565105443,-9.16249506770177
4159.501279056831,149.0,162.27944524385273,-13.279445243852734
4164.700655655653,150.4007450567448,165.52905561811642,-15.12831056137162
4169.900032254473,156.72102622102585,168.89990291254128,-12.178876691515427
4175.099408853294,163.04130738530688,172.65547188440217,-9.614164499095295
4180.298785452115,169.36158854958794,176.41104085626304,-7.049452306675107
4185.498162050936,175.93574645479677,180.20075748302372,-4.265011028226951
4190.697538649757,184.60922259327688,184.00881240036165,0.6004101929152341
4195.896915248579,193.2826987317585,186.1752193165374,7.107479415221093
4201.0962918474,198.66887752870767,188.3416262327128,10.32725129599487
4206.295668446221,201.5894704864365,190.50803314888822,11.081437337548294
4211.4950450450415,204.51006344416538,192.901479294887,11.608584149278386
4216.694421643862,207.37076845948928,195.79717170759668,11.573596751892609
4221.893798242683,210.16910403759218,198.69286412030638,11.476239917285795
4227.093174841505,212.96743961569553,201.58855653301657,11.378883082678954
4232.292551440326,215.23604540023894,202.98395742556215,12.252087974676783
4237.491928039147,216.09861478990507,204.09673645565806,12.00187833424701
4242.691304637968,216.9611841795712,204.944460901118,12.016723278453213
4247.890681236789,219.79303944569537,205.79218534657795,14.000854099117419
4253.0900578356095,222.71768878253215,206.63990979203788,16.077778990494267
4258.289434434431,224.0,208.5091310347032,15.490868965296812
4263.488811033252,224.0,211.13266968548436,12.867330314515641
4268.688187632073,225.1464465412382,213.75620833626553,11.390238204972661
4273.887564230894,226.9189612908362,216.37974698704667,10.539214303789521
4279.086940829715,228.6914760404342,218.35825760695573,10.333218433478464
4284.286317428536,230.46399079003217,219.2950822193559,11.16890857067628
4289.485694027358,232.04627391814884,220.23190683175622,11.814367086392622
4294.6850706261785,233.54609409088556,221.1687314441564,12.377362646729154
4299.884447224999,234.0,222.08787541708335,11.912124582916647
4305.08382382382,234.0,222.8677819069065,11.132218093093513
4310.283200422641,234.0,223.64768839672962,10.35231160327038
4315.482577021462,232.74278715665034,224.42759488655275,8.315192270097583
4320.681953620284,230.939038666971,224.84705058252382,6.091988084447166
4325.881330219105,229.13529017729195,224.27218093400555,4.863109243286402
4331.080706817926,227.3315416876129,223.69731128548725,3.6342304021256666
4336.2800834167465,225.62983853808987,223.12244163696897,2.5073969011208987
4341.479460015567,223.95111604878443,222.5475719884507,1.4035440603337292
4346.678836614388,222.86948500946252,221.97755525727777,0.8919297521847511
4351.87821321321,222.56836281261957,221.50488465738485,1.0634781552347192
4357.077589812031,222.26724061577664,221.032214057492,1.2350265582846305
4362.276966410852,222.04618594471663,220.5595434575992,1.4866424871174218
4367.476343009673,222.45666304462355,220.08687285770637,2.369790186917186
4372.675719608494,222.86714014453045,220.43205855742596,2.4350815871044915
4377.8750962073145,223.27761724443738,220.96140685368596,2.316210390751422
4383.074472806135,223.68809434434428,221.3270591070544,2.361035237289883
4388.273849404957,224.09857144425126,221.6798382497993,2.41873319445196
4393.473226003778,224.5090485441582,222.0388029958208,2.4702455483374024
4398.672602602599,224.9195256440651,222.45848361814714,2.4610420259179477
4403.87197920142,225.33000274397202,222.8781642404735,2.4518385034985215
4409.071355800241,225.74047984387892,223.0,2.7404798438789157
4414.270732399062,226.15095694378584,223.0,3.150956943785843
4419.4701089978835,226.56143404369283,223.0,3.5614340436928273
4424.669485596704,226.97191114359973,223.38873045267445,3.583180690925275
4429.868862195525,227.38238824350665,224.42860577243863,2.953782471068024
4435.068238794346,227.79286534341355,225.34673765047904,2.4461276929345104
4440.267615393167,228.25275767794503,226.1163822128045,2.1363754651405316
4445.466991991988,228.7629868112626,226.88602677512992,1.8769600361326866
4450.66636859081,229.27321594458027,227.6556713374555,1.6175446071247848
4455.865745189631,229.78344507789785,228.28107833376828,1.5023667441295743
4461.0651217884515,230.49540642727337,228.78971300104422,1.7056934262291463
4466.264498387272,231.3561248096656,229.2983476683202,2.0577771413454116
4471.463874986093,232.2168431920578,229.80698233559616,2.4098608564616484
4476.663251584914,233.0,230.31229882782645,2.687701172173547
4481.862628183736,233.0,230.81558606817381,2.1844139318261853
4487.062004782557,233.09757506447136,230.5684418771031,2.529133187368245
4492.261381381378,234.08898161933132,229.8873008379563,4.201680781375018
4497.460757980199,235.08038817419128,229.2061597988095,5.87422837538179
4502.6601345790195,235.5070965510956,228.79554378940367,6.711552761691934
4507.85951117784,228.7006399126394,228.50234586089874,0.19829405174064618
4513.058887776662,221.89418327418198,228.20914793239373,-6.31496465821175
4518.258264375483,213.42848370790273,227.76257735611776,-14.334093648215031
4523.457640974304,204.32297646631275,226.93435807488962,-22.611381608576863
4528.657017573125,195.00969119491015,226.10613879366144,-31.096447598751297
4533.856394171946,184.84281414061203,217.1736075017401,-32.33079336112806
4539.055770770767,174.67593708631392,206.85923715924773,-32.183300072933804
4544.2551473695885,164.50906003201402,194.70485030485827,-30.19579027284425
4549.454523968409,154.55592543206387,182.55046345047094,-27.99453801840707
4554.65390056723,144.85559595665148,174.0621163079274,-29.206520351275913
4559.853277166051,135.15526648123912,169.85902744061738,-34.70376095937826
4565.052653764872,128.06412072071964,161.75902617594772,-33.69490545522808
4570.252030363693,122.48772188040002,145.3696868970555,-22.88196501665547
4575.451406962515,117.892463481179,133.5389088300954,-15.646445348916401
4580.650783561336,113.7513670750388,126.2460789956651,-12.494711920626301
4585.8501601601565,110.47049443311198,122.3465465465493,-11.876052113437325
4591.049536758977,107.3802989073978,118.71477028753121,-11.334471380133408
4596.248913357798,102.33840320118097,115.73929051858995,-13.400887317408987
4601.448289956619,97.96486117814243,114.09738211896222,-16.132520940819788
4606.64766655544,95.94081917023404,109.96155972486568,-14.020740554631644
4611.847043154262,94.94519386407666,107.30311269213267,-12.357918828056015
4617.046419753083,94.24186507936584,103.00913091309431,-8.767265833728473
4622.245796351904,98.49823335835855,101.37117881186462,-2.8729454535060768
4627.445172950725,102.17650085150123,102.11707139237791,0.059429459123322204
4632.644549549545,108.25369427869441,105.00561394727836,3.2480803314160482
4637.843926148366,110.0,107.8941565021788,2.1058434978211977
4643.043302747188,113.80942798859536,111.45438503637482,2.3550429522205434
4648.242679346009,120.89948698698754,115.04016200107877,5.859324985908771
4653.44205594483,121.0,120.87560009195687,0.12439990804313084
4658.641432543651,132.09963498042208,127.35102528999113,4.748609690430953
4663.840809142472,143.76490299059688,133.7410154377018,10.023887552895076
4669.040185741293,155.43017100077168,139.23390076178802,16.196270238983658
4674.239562340114,159.10164188578838,144.23621643995475,14.865425445833637
4679.438938938935,162.36257494428236,148.34607566640793,14.01649927787443
4684.638315537756,164.95369227414548,151.3540715560194,13.59962071812609
4689.837692136577,166.8692520737111,154.36206744563086,12.507184628080239
4695.037068735398,168.78481187327668,157.1552096812242,11.629602192052488
4700.236445334219,170.70037167284227,159.69149094894175,11.008880723900518
4705.435821933041,171.38250869571124,162.22777221665976,9.15473647905148
4710.6351985318615,171.83594270142234,164.17087014286983,7.6650725585525095
4715.834575130682,173.2798718361217,164.73807486274117,8.541796973380542
4721.033951729503,175.18780684214838,165.7495704037361,9.438236438412275
4726.233328328324,176.50775576949692,167.14226056413446,9.365495205362464
4731.432704927145,177.82770469684547,168.78834843615374,9.039356260691733
4736.632081525967,179.34871493039998,170.8407339356888,8.507980994711176
4741.831458124788,180.89991015877763,172.23323208923122,8.666678069546407
4747.030834723609,183.3284581123677,173.57021464321372,9.758243469153996
4752.23021132243,185.81752137776067,174.90719719719624,10.91032418056443
4757.4295879212505,188.37617202046118,175.91454985385394,12.461622166607242
4762.628964520071,191.43019308285784,176.89731556611662,14.532877516741223
4767.828341118893,194.484214145255,177.88008127837946,16.604132866875545
4773.027717717714,197.48750499267754,181.53414705027333,15.95335794240421
4778.227094316535,200.25367579402055,185.55947086871544,14.694204925305115
4783.426470915356,203.019276836645,188.91712667667431,14.102150159970677
4788.625847514177,205.70603603603564,192.1927339339314,13.513302102104234
4793.825224112998,208.3927952354263,195.4683411911885,12.924454044237791
4799.024600711819,210.44394311254763,198.7439484484462,11.699994664101439
4804.22397731064,212.30950016461622,201.55297345790586,10.75652670671036
4809.423353909461,214.1750572166848,204.07181020733466,10.103247009350127
4814.622730508282,215.8474699537196,206.59064695676346,9.256822996956146
4819.822107107103,217.3667683105179,209.1271227477455,8.23964556277241
4825.021483705924,218.88606666731621,212.0517720845822,6.834294582734003
4830.220860304746,220.77001497091763,214.97642142141947,5.793593549498155
4835.420236903567,223.65601255440427,217.9010707582562,5.754941796148074
4840.619613502387,226.5420101378909,220.67900624559772,5.863003892293193
4845.818990101208,229.36457563619405,223.08400423183647,6.280571404357573
4851.018366700029,232.17517607701788,225.48900221807526,6.686173858942624
4856.21774329885,234.9857765178417,228.1198298083468,6.865946709494921
4861.417119897671,237.54789582971335,231.1323441467196,6.415551682993765
4866.616496496493,239.48154828382064,233.63778129593933,5.84376698788131
4871.815873095314,241.4152007379276,235.31600207499685,6.099198662930746
4877.015249694135,242.0,236.99422285405433,5.005777145945672
4882.2146262929555,242.0,238.67244363311184,3.3275563668881603
4887.414002891776,242.0,240.84462168290557,1.1553783170944314
4892.613379490597,244.41960134046963,243.136591775447,1.2830095650226383
4897.812756089419,248.48867867867799,245.39524809959443,3.0934305790835595
4903.01213268824,252.5577560168856,247.50905450905293,5.048701507832675
4908.211509287061,254.59193067112872,249.62286091851144,4.969069752617287
4913.410885885882,256.37797606767026,251.73666732796994,4.641308739700321
4918.610262484703,258.1640214642118,253.73258219308653,4.431439271125299
4923.8096390835235,259.95006686075334,255.55337555454142,4.39669130621192
4929.009015682345,261.7361122572952,257.18563979036895,4.550472466926237
4934.208392281166,263.12869426029783,258.0890063808976,5.039687879400219
4939.407768879987,264.4530637713183,258.9923729714263,5.4606907998920065
4944.607145478808,266.01362764978967,261.03505742584525,4.978570223944416
4949.806522077629,267.7403578855604,263.0874429253799,4.65291496018051
4955.00589867645,269.4670881213311,265.1398284249145,4.327259696416547
4960.205275275272,271.10914238914216,266.4559288406147,4.653213548527447
4965.404651874092,272.0814933374931,267.24080622051054,4.840687116982565
4970.604028472913,273.05384428584404,268.0256836004063,5.02816068543774
4975.803405071734,274.026195234195,268.8105609803021,5.215634253892858
4981.002781670555,274.99854618254585,269.59543836019793,5.40310782234792
4986.202158269376,275.0,270.38031574009375,4.619684259906251
4991.401534868198,275.0,271.3517433504923,3.6482566495076867
4996.600911467019,275.0,273.0229715429704,1.9770284570295757
5001.80028806584,275.0,274.6941997354486,0.30580026455140796
5006.9996646646605,275.0,276.36542792792676,-1.3654279279267598
5012.199041263481,276.82397644897566,278.03665612040487,-1.212679671429214
5017.398417862302,279.3950967450958,279.70788431288304,-0.3127875677872112
5022.597794461124,281.9662170412165,280.3435511579192,1.6226658832973158
5027.797171059945,284.53733733733674,280.7598713482163,3.777465989120458
5032.996547658766,286.4145327862106,281.4632497995063,4.951282986704314
5038.195924257587,287.37606133530767,282.557855399258,4.818205936049651
5043.395300856408,288.33758988440474,283.65246099900975,4.685128885394988
5048.5946774552285,289.29911843350175,284.7470665987614,4.552051834740325
5053.79405405405,290.260646982599,285.5354387870007,4.72520819559827
5058.993430652871,291.222175531696,286.2317838671999,4.990391664496087
5064.192807251692,292.04358978676385,286.9281289473991,5.115460839364744
5069.392183850513,292.2717438062148,287.6244740275983,4.647269778616476
5074.591560449334,292.4998978256657,288.3691617130821,4.130736112583577
5079.790937048155,292.7280518451166,289.1704355039963,3.5576163411203083
5084.990313646976,292.9562058645676,289.97170929491045,2.9844965696571535
5090.1896902457975,293.0,290.7729830858248,2.2270169141751808
5095.389066844618,293.0,291.574256876739,1.425743123260986
5100.588443443439,293.0805044840759,292.0,1.0805044840759024
5105.78782004226,293.34577880034226,292.0,1.3457788003422593
5110.987196641081,293.6110531166086,292.0,1.6110531166086162
5116.186573239902,293.876327432875,292.3160739932017,1.5602534396732608
5121.385949838724,294.0,293.22267845681495,0.7773215431850531
5126.585326437545,294.0,294.129282920428,-0.12928292042801104
5131.7847030363655,294.0,295.0358873840411,-1.0358873840410752
5136.984079635186,294.0,295.94249184765414,-1.9424918476541393
5142.183456234007,294.3451361593253,296.24593774470287,-1.9008015853775646
5147.382832832828,294.79681945458964,296.5085325224211,-1.7117130678314538
5152.58220943165,295.2485027498541,296.77112730013937,-1.5226245502852862
5157.781586030471,295.70018604511847,297.0504133747837,-1.3502273296652447
5162.980962629292,296.0,297.4429837555672,-1.4429837555671838
5168.180339228113,296.0,297.83555413635065,-1.8355541363506518
5173.3797158269335,296.0,298.164802681469,-2.1648026814689842
5178.579092425754,296.0546588002143,298.44840504140467,-2.3937462411903425
5183.778469024576,296.36977253347624,298.7320074013404,-2.3622348678641742
5188.977845623397,296.68488626673815,299.0156097612761,-2.330723494537949
5194.177222222218,297.0,299.2992121212118,-2.299212121211781
